{
  "process": "Company Incorporation",
  "documents_uploaded": 1,
  "required_documents": 5,
  "missing_documents": [
    "Memorandum of Association",
    "Board Resolution",
    "UBO Declaration Form",
    "Register of Members and Directors"
  ],
  "documents": [
    {
      "document": "Articles of Association",
      "score": 100.0,
      "issues_found": [
        {
          "section": "Jurisdiction clause",
          "issue": "Mentions UAE Federal Courts instead of ADGM Courts",
          "severity": "High",
          "suggestion": "Replace with 'Abu Dhabi Global Market (ADGM) Courts'"
        }
      ]
    }
  ]
}